{
  "project_info": {
    "project_number": "715297615709",
    "firebase_url": "https://yalizimalumni.firebaseio.com",
    "project_id": "yalizimalumni",
    "storage_bucket": "yalizimalumni.appspot.com"
  },
  "client": [
    {
      "client_info": {
        "mobilesdk_app_id": "1:715297615709:android:13ada2755410aaa855c2b4",
        "android_client_info": {
          "package_name": "com.digiplay.yalizimalumni"
        }
      },
      "oauth_client": [
        {
          "client_id": "715297615709-ap3im71echlp5jcv5n36sfjs4k649d5r.apps.googleusercontent.com",
          "client_type": 1,
          "android_info": {
            "package_name": "com.digiplay.yalizimalumni",
            "certificate_hash": "11021082c5ec780b03ce7d125043c891a6bb07ce"
          }
        },
        {
          "client_id": "715297615709-ae4q4do3ahutmg6ivtk16te1ta75kuoc.apps.googleusercontent.com",
          "client_type": 3
        }
      ],
      "api_key": [
        {
          "current_key": "AIzaSyBfXwtag9sBRfwkv9e-sSFAaqQTP8xyXh0"
        }
      ],
      "services": {
        "appinvite_service": {
          "other_platform_oauth_client": [
            {
              "client_id": "715297615709-ae4q4do3ahutmg6ivtk16te1ta75kuoc.apps.googleusercontent.com",
              "client_type": 3
            }
          ]
        }
      }
    }
  ],
  "configuration_version": "1"
}